<?xml version="1.0" encoding="UTF-8"?>
<project-private xmlns="http://www.netbeans.org/ns/project-private/1">
    <editor-bookmarks xmlns="http://www.netbeans.org/ns/editor-bookmarks/2" lastBookmarkId="0"/>
    <open-files xmlns="http://www.netbeans.org/ns/projectui-open-files/2">
        <group>
            <file>file:/C:/Users/Yohanes%20Dwiki%20Witman/Desktop/TGS5_A_XXXX/src/tgs5_a_xxxx/Pekerja.java</file>
            <file>file:/C:/Users/Yohanes%20Dwiki%20Witman/Desktop/TGS5_A_XXXX/src/tgs5_a_xxxx/Buku.java</file>
            <file>file:/C:/Users/Yohanes%20Dwiki%20Witman/Desktop/TGS5_A_XXXX/src/tgs5_a_xxxx/Penulis.java</file>
            <file>file:/C:/Users/Yohanes%20Dwiki%20Witman/Desktop/TGS5_A_XXXX/src/tgs5_a_xxxx/Main.java</file>
        </group>
    </open-files>
</project-private>
